timestamp,gyroscopeX,gyroscopeY,gyroscopeZ,accelerometerX,accelerometerY,accelerometerZ,magnetometerX,magnetometerY,magnetometerZ,RC0,RC1,RC2,RC3,RC4,RC5,RC6,RC7,Motor0,Motor1,Motor2,Motor3,Motor4,Motor5,Motor6,Motor7
1457272144245,-0.48780487804878053,0,0.24390243902439027,0.001953125,0.00390625,0.984375,0,0,0,1503,1495,1497,1000,1938,1500,1500,1500,1150,1152,1150,1152,0,0,0,0
1457272144294,0.48780487804878053,0.48780487804878053,0.24390243902439027,0,0.005859375,0.986328125,0,0,0,1502,1496,1496,1000,1938,1500,1500,1500,1150,1152,1150,1152,0,0,0,0
1457272144345,-0.24390243902439027,0.24390243902439027,0.7317073170731708,0.001953125,0.00390625,0.98828125,0,0,0,1503,1495,1496,1000,1938,1500,1500,1500,1150,1152,1150,1152,0,0,0,0
1457272144394,0.9756097560975611,0.48780487804878053,0.24390243902439027,0,0.00390625,0.986328125,0,0,0,1502,1495,1498,1000,1938,1500,1500,1500,1151,1155,1150,1150,0,0,0,0
1457272144445,0,-0.24390243902439027,0.48780487804878053,0,0.00390625,0.986328125,0,0,0,1502,1495,1498,1000,1938,1500,1500,1500,1150,1152,1150,1152,0,0,0,0
1457272144494,1.4634146341463417,0.48780487804878053,0.7317073170731708,0.001953125,0.00390625,0.984375,0,0,0,1501,1495,1496,1000,1938,1500,1500,1500,1150,1156,1150,1150,0,0,0,0
1457272144544,-0.7317073170731708,0.24390243902439027,0.48780487804878053,0.001953125,0.00390625,0.98828125,0,0,0,1501,1495,1496,1000,1938,1500,1500,1500,1150,1152,1150,1152,0,0,0,0
1457272144594,0.7317073170731708,0.48780487804878053,0.48780487804878053,0,0.00390625,0.986328125,0,0,0,1501,1495,1496,1000,1938,1500,1500,1500,1150,1152,1150,1152,0,0,0,0
1457272144645,-0.9756097560975611,0.24390243902439027,0.24390243902439027,0,0.001953125,0.986328125,0,0,0,1502,1495,1497,1000,1938,1500,1500,1500,1150,1152,1150,1152,0,0,0,0
1457272144695,0.9756097560975611,0.7317073170731708,0.7317073170731708,0.001953125,0.00390625,0.984375,0,0,0,1503,1495,1497,1000,1938,1500,1500,1500,1150,1154,1150,1150,0,0,0,0
1457272144745,0,0.48780487804878053,0.24390243902439027,0.00390625,0.005859375,0.986328125,0,0,0,1502,1495,1498,1000,1939,1500,1500,1500,1150,1152,1150,1152,0,0,0,0
1457272144795,0.9756097560975611,0.7317073170731708,0.48780487804878053,0,0.005859375,0.984375,0,0,0,1502,1495,1496,1000,1938,1500,1500,1500,1150,1154,1150,1150,0,0,0,0
1457272144848,0.48780487804878053,1.2195121951219514,0.24390243902439027,0.00390625,0.00390625,0.986328125,0,0,0,1501,1495,1497,1000,1938,1500,1500,1500,1150,1153,1150,1151,0,0,0,0
1457272144898,0.7317073170731708,1.2195121951219514,0.9756097560975611,0,0.005859375,0.986328125,0,0,0,1503,1495,1497,1000,1938,1500,1500,1500,1150,1154,1150,1150,0,0,0,0
1457272144945,-0.48780487804878053,0.48780487804878053,0.7317073170731708,0,0.0078125,0.986328125,0,0,0,1503,1495,1498,1000,1938,1500,1500,1500,1150,1153,1150,1151,0,0,0,0
1457272144997,-0.7317073170731708,0,0.7317073170731708,0.001953125,0.005859375,0.986328125,0,0,0,1503,1495,1497,1000,1939,1500,1500,1500,1150,1152,1150,1152,0,0,0,0
1457272145045,-0.9756097560975611,0.24390243902439027,0.24390243902439027,0,0.005859375,0.984375,0,0,0,1503,1495,1497,1000,1938,1500,1500,1500,1150,1153,1150,1151,0,0,0,0
1457272145095,-0.24390243902439027,-0.48780487804878053,0.48780487804878053,0,0.00390625,0.984375,0,0,0,1502,1495,1497,1000,1938,1500,1500,1500,1150,1152,1150,1152,0,0,0,0
1457272145144,0,-0.24390243902439027,0.7317073170731708,0,0.00390625,0.98828125,0,0,0,1503,1495,1498,999,1938,1500,1500,1500,1150,1152,1150,1152,0,0,0,0
1457272145194,-0.24390243902439027,-0.48780487804878053,0.24390243902439027,0,0.005859375,0.98828125,0,0,0,1502,1495,1497,1000,1939,1500,1500,1500,1150,1152,1150,1152,0,0,0,0
1457272145244,0.48780487804878053,-0.24390243902439027,0.24390243902439027,0,0.00390625,0.986328125,0,0,0,1502,1495,1496,1000,1938,1500,1500,1500,1150,1152,1150,1152,0,0,0,0
1457272145295,0.9756097560975611,0.24390243902439027,0.48780487804878053,0,0.00390625,0.986328125,0,0,0,1501,1495,1496,1000,1938,1500,1500,1500,1151,1155,1150,1150,0,0,0,0
1457272145347,-2.9268292682926833,-0.24390243902439027,0.24390243902439027,0,0.0078125,0.986328125,0,0,0,1501,1496,1496,1000,1938,1500,1500,1500,1150,1152,1150,1152,0,0,0,0
1457272145398,-1.707317073170732,0,0.24390243902439027,0,0.00390625,0.98828125,0,0,0,1502,1495,1497,1000,1938,1500,1500,1500,1150,1153,1150,1151,0,0,0,0
1457272145449,-1.2195121951219514,0.48780487804878053,0.7317073170731708,0,0.00390625,0.986328125,0,0,0,1502,1495,1498,1000,1938,1500,1500,1500,1150,1152,1150,1152,0,0,0,0
1457272145495,0.48780487804878053,0.48780487804878053,0.48780487804878053,0,0.001953125,0.986328125,0,0,0,1502,1495,1497,1001,1938,1500,1500,1500,1150,1152,1150,1152,0,0,0,0
1457272145548,0,0.24390243902439027,0.24390243902439027,0,0.005859375,0.98828125,0,0,0,1503,1495,1498,1000,1938,1500,1500,1500,1150,1152,1150,1152,0,0,0,0
1457272145598,0.24390243902439027,0.48780487804878053,0.48780487804878053,0.001953125,0.00390625,0.98828125,0,0,0,1502,1495,1497,999,1938,1500,1500,1500,1150,1152,1150,1152,0,0,0,0
1457272145645,0.24390243902439027,0.48780487804878053,0,0,0.00390625,0.98828125,0,0,0,1502,1495,1497,1001,1938,1500,1500,1500,1150,1153,1150,1151,0,0,0,0
1457272145698,-1.4634146341463417,1.707317073170732,0.7317073170731708,0,0.0078125,0.998046875,0,0,0,1503,1495,1498,1000,1939,1500,1500,1500,1150,1153,1150,1153,0,0,0,0
1457272145745,1.707317073170732,0.9756097560975611,0.24390243902439027,0.00390625,0.005859375,0.986328125,0,0,0,1503,1495,1498,1000,1939,1500,1500,1500,1150,1155,1150,1151,0,0,0,0
1457272145797,-0.24390243902439027,-0.48780487804878053,0.48780487804878053,-0.0078125,0.005859375,0.986328125,0,0,0,1502,1496,1497,1000,1938,1500,1500,1500,1150,1152,1150,1152,0,0,0,0
1457272145847,0.9756097560975611,0.24390243902439027,0.24390243902439027,0.0078125,0.005859375,0.986328125,0,0,0,1501,1496,1497,1000,1938,1500,1500,1500,1151,1155,1150,1150,0,0,0,0
1457272145895,0.24390243902439027,-0.24390243902439027,0.24390243902439027,-0.005859375,0.0078125,0.986328125,0,0,0,1503,1495,1497,1000,1938,1500,1500,1500,1150,1152,1150,1152,0,0,0,0
1457272145944,-0.48780487804878053,0.24390243902439027,0.24390243902439027,0.005859375,0.00390625,0.98828125,0,0,0,1503,1495,1497,1000,1938,1500,1500,1500,1150,1152,1150,1152,0,0,0,0
1457272145995,-0.24390243902439027,0.24390243902439027,0.24390243902439027,0,0.001953125,0.984375,0,0,0,1501,1495,1496,1000,1938,1500,1500,1500,1150,1152,1150,1152,0,0,0,0
1457272146045,-0.9756097560975611,0,0.24390243902439027,0.00390625,0.00390625,0.98828125,0,0,0,1503,1495,1497,999,1938,1500,1500,1500,1150,1153,1150,1151,0,0,0,0
1457272146094,-0.48780487804878053,0.24390243902439027,0.7317073170731708,-0.001953125,0.00390625,0.986328125,0,0,0,1503,1495,1496,999,1938,1500,1500,1500,1150,1152,1150,1152,0,0,0,0
1457272146145,0,-0.48780487804878053,0.48780487804878053,0,0.00390625,0.98828125,0,0,0,1503,1495,1496,1000,1939,1500,1500,1500,1150,1152,1150,1152,0,0,0,0
1457272146197,0.48780487804878053,0.24390243902439027,0.48780487804878053,0.001953125,0.001953125,0.986328125,0,0,0,1502,1495,1497,999,1938,1500,1500,1500,1150,1152,1150,1152,0,0,0,0
1457272146244,0,-0.24390243902439027,0.48780487804878053,0,0.00390625,0.986328125,0,0,0,1503,1495,1498,999,1938,1500,1500,1500,1150,1152,1150,1152,0,0,0,0
1457272146299,-0.24390243902439027,0,0.24390243902439027,0.001953125,0.00390625,0.984375,0,0,0,1503,1495,1498,999,1938,1500,1500,1500,1150,1152,1150,1152,0,0,0,0
1457272146349,-0.7317073170731708,-0.24390243902439027,0.24390243902439027,0.001953125,0.00390625,0.984375,0,0,0,1503,1495,1497,1000,1939,1500,1500,1500,1150,1153,1150,1151,0,0,0,0
1457272146395,-0.24390243902439027,-0.24390243902439027,0.24390243902439027,0,0.00390625,0.986328125,0,0,0,1503,1495,1496,999,1938,1500,1500,1500,1150,1152,1150,1152,0,0,0,0
1457272146448,-0.24390243902439027,0.24390243902439027,0.48780487804878053,0,0.005859375,0.984375,0,0,0,1503,1495,1497,999,1938,1500,1500,1500,1150,1152,1150,1152,0,0,0,0
1457272146498,0.7317073170731708,0.24390243902439027,0.48780487804878053,0,0.00390625,0.98828125,0,0,0,1503,1495,1498,999,1938,1500,1500,1500,1151,1155,1150,1150,0,0,0,0
1457272146544,0.7317073170731708,0.24390243902439027,0.24390243902439027,0.001953125,0.005859375,0.986328125,0,0,0,1503,1495,1497,1000,1938,1500,1500,1500,1150,1152,1150,1152,0,0,0,0
1457272146596,0.24390243902439027,0.48780487804878053,0.24390243902439027,0,0.005859375,0.984375,0,0,0,1503,1495,1497,999,1938,1500,1500,1500,1150,1152,1150,1152,0,0,0,0
1457272146645,0.24390243902439027,0.48780487804878053,0.48780487804878053,0.001953125,0.005859375,0.986328125,0,0,0,1503,1495,1497,999,1938,1500,1500,1500,1150,1152,1150,1152,0,0,0,0
1457272146696,0.7317073170731708,0,0.48780487804878053,0,0.005859375,0.986328125,0,0,0,1502,1495,1497,999,1938,1500,1500,1500,1151,1155,1150,1150,0,0,0,0
1457272146745,0.48780487804878053,0.48780487804878053,0.48780487804878053,0.001953125,0.005859375,0.986328125,0,0,0,1501,1495,1498,1001,1939,1500,1500,1500,1150,1152,1150,1152,0,0,0,0
1457272146795,0.7317073170731708,0.48780487804878053,0.24390243902439027,0,0.005859375,0.986328125,0,0,0,1501,1496,1497,1001,1939,1500,1500,1500,1150,1152,1150,1152,0,0,0,0
1457272146845,-0.7317073170731708,-0.24390243902439027,0.24390243902439027,0.001953125,0.005859375,0.986328125,0,0,0,1502,1495,1496,1001,1938,1500,1500,1500,1150,1152,1150,1152,0,0,0,0
1457272146896,-0.48780487804878053,0,0.24390243902439027,0.001953125,0.005859375,0.984375,0,0,0,1502,1495,1496,1001,1937,1500,1500,1500,1150,1152,1150,1152,0,0,0,0
1457272146947,-0.48780487804878053,0,0.24390243902439027,0,0.00390625,0.986328125,0,0,0,1501,1495,1497,1002,1938,1500,1500,1500,1150,1152,1150,1152,0,0,0,0
1457272146997,-0.24390243902439027,-0.24390243902439027,0.48780487804878053,0,0.00390625,0.984375,0,0,0,1502,1495,1498,1002,1937,1500,1500,1500,1150,1152,1150,1152,0,0,0,0
1457272147045,-0.24390243902439027,0.24390243902439027,0.48780487804878053,0.001953125,0.00390625,0.986328125,0,0,0,1503,1495,1497,1010,1937,1500,1500,1500,1150,1152,1150,1152,0,0,0,0
1457272147097,-0.24390243902439027,0.48780487804878053,0.24390243902439027,0.001953125,0.005859375,0.986328125,0,0,0,1503,1495,1498,1065,1938,1500,1500,1500,1150,1152,1150,1152,0,0,0,0
1457272147148,0.24390243902439027,0.48780487804878053,0.24390243902439027,0.001953125,0.005859375,0.986328125,0,0,0,1501,1495,1497,1114,1938,1500,1500,1500,1158,1162,1158,1162,0,0,0,0
1457272147198,-0.48780487804878053,-0.24390243902439027,0,0,0.005859375,0.986328125,0,0,0,1502,1495,1496,1138,1938,1500,1500,1500,1177,1181,1177,1181,0,0,0,0
1457272147245,-0.7317073170731708,0,0.24390243902439027,0,0.001953125,0.986328125,0,0,0,1502,1495,1496,1158,1938,1500,1500,1500,1192,1196,1192,1196,0,0,0,0
1457272147297,1.2195121951219514,0,0.24390243902439027,0,0.005859375,0.98828125,0,0,0,1502,1495,1497,1169,1938,1500,1500,1500,1202,1206,1200,1204,0,0,0,0
1457272147346,0,-0.7317073170731708,3.414634146341464,0.001953125,0.00390625,0.986328125,0,0,0,1503,1495,1496,1180,1938,1500,1500,1500,1209,1213,1209,1213,0,0,0,0
1457272147396,1.2195121951219514,0,-0.7317073170731708,0.001953125,-0.001953125,0.986328125,0,0,0,1503,1495,1496,1190,1937,1500,1500,1500,1219,1223,1217,1221,0,0,0,0
1457272147444,-0.9756097560975611,0.48780487804878053,0.9756097560975611,0.001953125,-0.01171875,0.984375,0,0,0,1503,1496,1496,1195,1938,1500,1500,1500,1224,1226,1218,1224,0,0,0,0
1457272147495,0.9756097560975611,-0.24390243902439027,0.9756097560975611,0.005859375,-0.021484375,0.984375,0,0,0,1503,1496,1497,1199,1938,1500,1500,1500,1224,1232,1222,1230,0,0,0,0
1457272147544,3.414634146341464,-0.7317073170731708,-0.24390243902439027,0.001953125,-0.017578125,0.984375,0,0,0,1502,1495,1497,1198,1939,1500,1500,1500,1223,1229,1221,1227,0,0,0,0
1457272147595,-4.878048780487806,0.9756097560975611,0.48780487804878053,0.00390625,-0.009765625,0.986328125,0,0,0,1503,1495,1498,1198,1938,1500,1500,1500,1229,1229,1215,1227,0,0,0,0
1457272147645,5.121951219512195,-0.48780487804878053,0,0.00390625,-0.0234375,0.984375,0,0,0,1503,1495,1496,1198,1938,1500,1500,1500,1223,1229,1219,1229,0,0,0,0
1457272147699,2.439024390243903,-0.7317073170731708,0.24390243902439027,0.001953125,-0.01953125,0.984375,0,0,0,1503,1495,1496,1198,1938,1500,1500,1500,1222,1228,1220,1230,0,0,0,0
1457272147745,0.9756097560975611,-0.24390243902439027,-1.4634146341463417,0.001953125,-0.009765625,0.986328125,0,0,0,1503,1495,1496,1198,1938,1500,1500,1500,1223,1229,1219,1229,0,0,0,0
1457272147798,0.9756097560975611,0,-0.7317073170731708,0.00390625,-0.01953125,0.982421875,0,0,0,1502,1495,1496,1198,1938,1500,1500,1500,1226,1228,1214,1232,0,0,0,0
1457272147845,-2.439024390243903,1.4634146341463417,1.4634146341463417,0.001953125,-0.017578125,0.984375,0,0,0,1503,1495,1497,1199,1938,1500,1500,1500,1228,1230,1218,1232,0,0,0,0
1457272147898,-1.4634146341463417,0.9756097560975611,1.707317073170732,0.00390625,-0.021484375,0.984375,0,0,0,1503,1495,1496,1202,1938,1500,1500,1500,1230,1234,1220,1232,0,0,0,0
1457272147948,-5.365853658536586,1.707317073170732,0.7317073170731708,0.005859375,-0.02734375,0.984375,0,0,0,1501,1496,1496,1212,1938,1500,1500,1500,1239,1239,1223,1243,0,0,0,0
1457272147997,4.634146341463415,-0.48780487804878053,1.9512195121951221,0.00390625,-0.037109375,0.982421875,0,0,0,1503,1495,1496,1216,1939,1500,1500,1500,1238,1240,1232,1246,0,0,0,0
1457272148047,0.7317073170731708,0,0,0.001953125,-0.021484375,0.98046875,0,0,0,1503,1495,1496,1217,1938,1500,1500,1500,1240,1244,1232,1248,0,0,0,0
1457272148097,-1.4634146341463417,1.4634146341463417,3.414634146341464,0.00390625,-0.013671875,0.986328125,0,0,0,1503,1495,1496,1217,1938,1500,1500,1500,1243,1243,1231,1247,0,0,0,0
1457272148146,-1.707317073170732,0.24390243902439027,1.707317073170732,0.001953125,-0.017578125,0.986328125,0,0,0,1503,1495,1496,1217,1938,1500,1500,1500,1242,1246,1228,1248,0,0,0,0
1457272148196,0.24390243902439027,-0.48780487804878053,-1.707317073170732,0.00390625,-0.015625,0.984375,0,0,0,1502,1495,1496,1217,1938,1500,1500,1500,1241,1245,1229,1249,0,0,0,0
1457272148244,-0.9756097560975611,0.24390243902439027,-0.24390243902439027,0.001953125,-0.017578125,0.982421875,0,0,0,1501,1495,1497,1225,1938,1500,1500,1500,1248,1248,1232,1256,0,0,0,0
1457272148295,1.707317073170732,2.439024390243903,-0.24390243902439027,0,-0.017578125,0.984375,0,0,0,1503,1495,1496,1233,1938,1500,1500,1500,1253,1253,1243,1259,0,0,0,0
1457272148344,0.7317073170731708,1.4634146341463417,-1.2195121951219514,0,-0.013671875,0.984375,0,0,0,1503,1495,1496,1236,1938,1500,1500,1500,1258,1254,1242,1266,0,0,0,0
1457272148395,0.48780487804878053,1.4634146341463417,-2.1951219512195124,0.005859375,-0.017578125,0.984375,0,0,0,1503,1495,1496,1238,1938,1500,1500,1500,1260,1256,1244,1268,0,0,0,0
1457272148445,-1.2195121951219514,1.707317073170732,0.48780487804878053,0.00390625,-0.015625,0.98828125,0,0,0,1502,1495,1496,1244,1938,1500,1500,1500,1265,1263,1249,1271,0,0,0,0
1457272148496,-0.48780487804878053,-0.7317073170731708,0.24390243902439027,0,-0.01953125,0.98828125,0,0,0,1502,1495,1496,1249,1938,1500,1500,1500,1266,1268,1250,1276,0,0,0,0
1457272148549,-1.707317073170732,2.1951219512195124,3.414634146341464,0.01171875,-0.0234375,0.984375,0,0,0,1502,1495,1497,1253,1938,1500,1500,1500,1273,1271,1255,1277,0,0,0,0
1457272148599,0.24390243902439027,0.9756097560975611,2.9268292682926833,0,-0.01171875,0.984375,0,0,0,1503,1495,1496,1258,1938,1500,1500,1500,1274,1276,1256,1282,0,0,0,0
1457272148644,1.2195121951219514,0.24390243902439027,-5.365853658536586,0.00390625,-0.017578125,0.9765625,0,0,0,1503,1495,1497,1260,1938,1500,1500,1500,1277,1273,1257,1285,0,0,0,0
1457272148698,1.707317073170732,0.7317073170731708,1.9512195121951221,0.00390625,-0.01953125,0.982421875,0,0,0,1503,1495,1497,1262,1938,1500,1500,1500,1277,1277,1263,1287,0,0,0,0
1457272148745,-0.7317073170731708,0.7317073170731708,6.829268292682928,0.00390625,-0.013671875,0.990234375,0,0,0,1503,1496,1496,1269,1938,1500,1500,1500,1282,1284,1264,1290,0,0,0,0
1457272148798,-0.9756097560975611,-0.24390243902439027,3.414634146341464,0.00390625,-0.021484375,0.978515625,0,0,0,1502,1496,1496,1276,1938,1500,1500,1500,1285,1289,1275,1295,0,0,0,0
1457272148847,-1.9512195121951221,-0.24390243902439027,4.390243902439025,0.005859375,-0.017578125,0.98046875,0,0,0,1503,1495,1496,1287,1938,1500,1500,1500,1295,1297,1277,1307,0,0,0,0
1457272148897,-0.24390243902439027,0.7317073170731708,-2.439024390243903,0,-0.017578125,0.984375,0,0,0,1503,1495,1496,1292,1938,1500,1500,1500,1301,1299,1281,1315,0,0,0,0
1457272148946,-0.9756097560975611,-0.48780487804878053,-1.707317073170732,0.00390625,-0.02734375,0.984375,0,0,0,1502,1495,1497,1297,1938,1500,1500,1500,1304,1304,1284,1316,0,0,0,0
1457272148995,-0.9756097560975611,0.9756097560975611,-4.390243902439025,0.00390625,0.001953125,0.982421875,0,0,0,1502,1495,1496,1300,1938,1500,1500,1500,1307,1307,1287,1319,0,0,0,0
1457272149045,2.439024390243903,0.24390243902439027,0.48780487804878053,0.013671875,-0.041015625,0.986328125,0,0,0,1502,1495,1496,1308,1938,1500,1500,1500,1313,1311,1295,1325,0,0,0,0
1457272149095,-1.2195121951219514,0.48780487804878053,3.1707317073170733,0.001953125,-0.001953125,0.994140625,0,0,0,1503,1495,1497,1317,1938,1500,1500,1500,1322,1318,1300,1332,0,0,0,0
1457272149145,-1.2195121951219514,0.24390243902439027,1.9512195121951221,0.00390625,0.001953125,0.986328125,0,0,0,1501,1495,1497,1327,1938,1500,1500,1500,1328,1326,1310,1340,0,0,0,0
1457272149195,0.24390243902439027,0.7317073170731708,-1.707317073170732,0.001953125,0.03515625,0.984375,0,0,0,1501,1495,1496,1331,1938,1500,1500,1500,1333,1327,1307,1349,0,0,0,0
1457272149245,0.24390243902439027,0,-0.24390243902439027,0.01171875,-0.01953125,0.9765625,0,0,0,1501,1495,1496,1334,1938,1500,1500,1500,1336,1330,1312,1350,0,0,0,0
1457272149298,0,0.48780487804878053,1.4634146341463417,-0.001953125,-0.037109375,0.982421875,0,0,0,1501,1495,1496,1340,1938,1500,1500,1500,1338,1336,1318,1352,0,0,0,0
1457272149346,-0.7317073170731708,0.48780487804878053,-1.9512195121951221,0.013671875,-0.080078125,0.982421875,0,0,0,1503,1495,1496,1344,1938,1500,1500,1500,1343,1337,1317,1359,0,0,0,0
1457272149396,-0.48780487804878053,-0.7317073170731708,-1.2195121951219514,0.009765625,-0.052734375,0.970703125,0,0,0,1503,1495,1496,1350,1939,1500,1500,1500,1349,1339,1321,1363,0,0,0,0
1457272149446,-1.707317073170732,0.24390243902439027,-1.4634146341463417,0.009765625,-0.087890625,0.970703125,0,0,0,1501,1496,1496,1353,1938,1500,1500,1500,1347,1349,1327,1361,0,0,0,0
1457272149496,-0.7317073170731708,-0.48780487804878053,-0.7317073170731708,0.0078125,-0.015625,0.984375,0,0,0,1502,1496,1496,1358,1938,1500,1500,1500,1357,1345,1327,1371,0,0,0,0
1457272149546,-1.707317073170732,-0.48780487804878053,-2.9268292682926833,0.017578125,0.2578125,0.982421875,0,0,0,1503,1495,1498,1365,1938,1500,1500,1500,1358,1354,1334,1374,0,0,0,0
1457272149596,-2.1951219512195124,0.9756097560975611,-2.1951219512195124,0.005859375,-0.03515625,0.966796875,0,0,0,1503,1495,1498,1368,1939,1500,1500,1500,1361,1359,1333,1375,0,0,0,0
1457272149644,1.4634146341463417,0,2.1951219512195124,-0.00390625,-0.064453125,0.984375,0,0,0,1502,1496,1496,1372,1938,1500,1500,1500,1369,1357,1335,1383,0,0,0,0
1457272149695,0.9756097560975611,0.24390243902439027,0,-0.00390625,-0.0234375,0.95703125,0,0,0,1502,1496,1497,1372,1939,1500,1500,1500,1365,1361,1339,1379,0,0,0,0
1457272149745,0,-0.9756097560975611,1.2195121951219514,0.017578125,-0.00390625,0.978515625,0,0,0,1503,1495,1496,1374,1938,1500,1500,1500,1370,1356,1336,1386,0,0,0,0
1457272149796,0.9756097560975611,-0.24390243902439027,1.707317073170732,0.009765625,-0.068359375,0.982421875,0,0,0,1503,1495,1496,1378,1938,1500,1500,1500,1369,1363,1343,1385,0,0,0,0
1457272149848,0.48780487804878053,-0.24390243902439027,-2.9268292682926833,0.025390625,0.048828125,0.98828125,0,0,0,1501,1495,1496,1382,1938,1500,1500,1500,1374,1366,1344,1392,0,0,0,0
1457272149900,0.24390243902439027,-0.24390243902439027,3.414634146341464,-0.005859375,-0.02734375,0.982421875,0,0,0,1502,1495,1496,1386,1938,1500,1500,1500,1374,1372,1348,1390,0,0,0,0
1457272149948,0.48780487804878053,0.9756097560975611,0,0.001953125,-0.025390625,0.962890625,0,0,0,1503,1495,1497,1391,1938,1500,1500,1500,1380,1378,1352,1394,0,0,0,0
1457272149999,1.4634146341463417,0.24390243902439027,0.9756097560975611,0.0078125,-0.013671875,0.98046875,0,0,0,1503,1495,1497,1396,1938,1500,1500,1500,1384,1378,1354,1400,0,0,0,0
1457272150048,0.9756097560975611,1.2195121951219514,-4.878048780487806,0.01171875,-0.0078125,0.96875,0,0,0,1503,1495,1496,1404,1937,1500,1500,1500,1389,1383,1359,1409,0,0,0,0
1457272150098,-1.9512195121951221,1.4634146341463417,-2.439024390243903,0.00390625,0.009765625,0.9765625,0,0,0,1501,1495,1497,1409,1938,1500,1500,1500,1394,1390,1364,1412,0,0,0,0
1457272150145,-0.24390243902439027,-0.48780487804878053,0,0.0390625,-0.021484375,0.97265625,0,0,0,1502,1495,1498,1414,1938,1500,1500,1500,1396,1392,1370,1414,0,0,0,0
1457272150196,1.2195121951219514,-0.48780487804878053,2.1951219512195124,-0.00390625,-0.0390625,0.9765625,0,0,0,1503,1495,1497,1419,1938,1500,1500,1500,1405,1395,1367,1421,0,0,0,0
1457272150244,-0.24390243902439027,0.7317073170731708,-2.9268292682926833,0.001953125,-0.013671875,0.9921875,0,0,0,1503,1495,1497,1425,1938,1500,1500,1500,1408,1400,1372,1428,0,0,0,0
1457272150297,-0.9756097560975611,0,-10.487804878048781,0.00390625,-0.029296875,0.986328125,0,0,0,1503,1495,1497,1431,1938,1500,1500,1500,1411,1405,1379,1429,0,0,0,0
1457272150346,-2.1951219512195124,0.48780487804878053,-4.878048780487806,0.015625,-0.03125,0.98828125,0,0,0,1503,1495,1498,1437,1939,1500,1500,1500,1416,1408,1384,1436,0,0,0,0
1457272150395,-0.7317073170731708,0.24390243902439027,-1.707317073170732,0.025390625,-0.041015625,0.982421875,0,0,0,1502,1496,1497,1442,1938,1500,1500,1500,1420,1414,1390,1440,0,0,0,0
1457272150445,0.48780487804878053,-1.2195121951219514,-3.658536585365854,0.017578125,-0.044921875,0.986328125,0,0,0,1503,1495,1497,1447,1939,1500,1500,1500,1425,1415,1389,1447,0,0,0,0
1457272150495,0.48780487804878053,0.7317073170731708,3.9024390243902443,0.064453125,-0.0859375,0.978515625,0,0,0,1502,1496,1496,1453,1938,1500,1500,1500,1429,1421,1397,1449,0,0,0,0
1457272150545,-0.9756097560975611,0,2.439024390243903,0.0390625,-0.01171875,0.96484375,0,0,0,1502,1495,1496,1460,1938,1500,1500,1500,1435,1429,1401,1455,0,0,0,0
1457272150595,-0.7317073170731708,1.2195121951219514,-0.48780487804878053,-0.009765625,-0.015625,0.978515625,0,0,0,1503,1495,1496,1463,1939,1500,1500,1500,1439,1427,1399,1463,0,0,0,0
1457272150644,-0.9756097560975611,0.48780487804878053,-9.51219512195122,0.005859375,0.0625,0.994140625,0,0,0,1503,1495,1496,1469,1938,1500,1500,1500,1447,1431,1401,1469,0,0,0,0
1457272150697,-0.9756097560975611,-1.2195121951219514,-0.24390243902439027,0.009765625,0.017578125,0.984375,0,0,0,1503,1495,1496,1474,1938,1500,1500,1500,1444,1440,1412,1464,0,0,0,0
1457272150748,-0.48780487804878053,-0.9756097560975611,7.073170731707318,0.00390625,-0.015625,0.9609375,0,0,0,1503,1495,1497,1480,1938,1500,1500,1500,1450,1444,1418,1468,0,0,0,0
1457272150799,-2.9268292682926833,-1.4634146341463417,1.707317073170732,0.0078125,-0.01953125,1,0,0,0,1501,1495,1498,1484,1939,1500,1500,1500,1452,1448,1418,1474,0,0,0,0
1457272150849,-0.48780487804878053,0.48780487804878053,-0.9756097560975611,0.00390625,-0.017578125,0.943359375,0,0,0,1502,1496,1497,1489,1938,1500,1500,1500,1456,1452,1422,1478,0,0,0,0
1457272150895,1.4634146341463417,-0.48780487804878053,-5.853658536585367,0.013671875,-0.0078125,0.974609375,0,0,0,1502,1496,1497,1496,1938,1500,1500,1500,1472,1450,1418,1492,0,0,0,0
1457272150948,0,0,3.414634146341464,0.001953125,-0.03515625,0.96484375,0,0,0,1503,1495,1498,1503,1938,1500,1500,1500,1464,1462,1434,1488,0,0,0,0
1457272150998,0.48780487804878053,-0.48780487804878053,4.390243902439025,0.009765625,-0.033203125,0.95703125,0,0,0,1501,1495,1497,1512,1938,1500,1500,1500,1471,1469,1439,1497,0,0,0,0
1457272151047,0,0.24390243902439027,3.1707317073170733,0.00390625,-0.02734375,0.947265625,0,0,0,1503,1495,1497,1515,1938,1500,1500,1500,1472,1474,1446,1496,0,0,0,0
1457272151097,1.2195121951219514,0.48780487804878053,-10.975609756097562,-0.005859375,-0.025390625,0.982421875,0,0,0,1503,1495,1496,1521,1938,1500,1500,1500,1483,1473,1443,1505,0,0,0,0
1457272151146,1.2195121951219514,-0.9756097560975611,-0.48780487804878053,0.005859375,-0.029296875,0.943359375,0,0,0,1502,1495,1497,1527,1938,1500,1500,1500,1488,1478,1446,1512,0,0,0,0
1457272151196,0,0.7317073170731708,0,0.017578125,0.083984375,0.95703125,0,0,0,1502,1495,1497,1531,1938,1500,1500,1500,1490,1480,1452,1514,0,0,0,0
1457272151245,-0.48780487804878053,-0.48780487804878053,3.1707317073170733,0.01171875,-0.013671875,0.9765625,0,0,0,1503,1495,1497,1535,1938,1500,1500,1500,1490,1488,1458,1516,0,0,0,0
1457272151295,-0.48780487804878053,0.7317073170731708,9.51219512195122,0.009765625,-0.025390625,0.986328125,0,0,0,1502,1496,1496,1540,1938,1500,1500,1500,1500,1484,1454,1526,0,0,0,0
1457272151344,1.9512195121951221,-0.24390243902439027,5.853658536585367,0.009765625,-0.115234375,0.984375,0,0,0,1503,1495,1496,1543,1938,1500,1500,1500,1498,1496,1462,1520,0,0,0,0
1457272151394,-0.7317073170731708,-0.7317073170731708,-1.707317073170732,0.0234375,0.005859375,0.96875,0,0,0,1503,1495,1498,1548,1938,1500,1500,1500,1505,1493,1461,1529,0,0,0,0
1457272151445,0.24390243902439027,0.24390243902439027,1.2195121951219514,0.009765625,-0.015625,0.947265625,0,0,0,1502,1495,1497,1552,1938,1500,1500,1500,1508,1500,1464,1532,0,0,0,0
1457272151499,-0.24390243902439027,0.9756097560975611,-1.707317073170732,0.001953125,-0.052734375,0.966796875,0,0,0,1502,1495,1497,1556,1938,1500,1500,1500,1508,1502,1470,1536,0,0,0,0
1457272151545,0,-0.24390243902439027,1.9512195121951221,0.041015625,0.078125,0.939453125,0,0,0,1501,1496,1496,1563,1938,1500,1500,1500,1516,1504,1472,1544,0,0,0,0
1457272151596,0.9756097560975611,-0.48780487804878053,3.658536585365854,0.025390625,-0.056640625,0.998046875,0,0,0,1503,1496,1496,1569,1939,1500,1500,1500,1521,1513,1475,1547,0,0,0,0
1457272151645,0.48780487804878053,0.24390243902439027,2.682926829268293,0.255859375,-0.44140625,0.9921875,0,0,0,1503,1495,1498,1575,1939,1500,1500,1500,1525,1517,1481,1549,0,0,0,0
1457272151694,-0.7317073170731708,1.4634146341463417,-1.707317073170732,0.017578125,-0.291015625,0.89453125,0,0,0,1503,1496,1496,1576,1937,1500,1500,1500,1522,1518,1486,1550,0,0,0,0
1457272151747,-0.24390243902439027,-0.24390243902439027,5.853658536585367,0.0234375,-1.076171875,0.953125,0,0,0,1503,1496,1498,1576,1938,1500,1500,1500,1522,1520,1486,1548,0,0,0,0
1457272151798,0.9756097560975611,0.7317073170731708,-1.9512195121951221,0.10546875,-0.33984375,0.935546875,0,0,0,1502,1495,1496,1576,1938,1500,1500,1500,1524,1520,1484,1548,0,0,0,0
1457272151847,0,-0.7317073170731708,-0.48780487804878053,0.015625,-0.046875,0.931640625,0,0,0,1503,1495,1496,1576,1938,1500,1500,1500,1525,1515,1481,1555,0,0,0,0
1457272151897,0.7317073170731708,0.48780487804878053,1.4634146341463417,0.03125,-0.16015625,0.888671875,0,0,0,1502,1495,1498,1575,1939,1500,1500,1500,1522,1516,1484,1550,0,0,0,0
1457272151947,-0.9756097560975611,0,11.707317073170733,0.015625,-0.009765625,0.9375,0,0,0,1501,1495,1498,1575,1939,1500,1500,1500,1522,1518,1482,1550,0,0,0,0
1457272151996,-0.9756097560975611,-0.48780487804878053,0.7317073170731708,0.017578125,-0.09765625,1.001953125,0,0,0,1501,1496,1496,1576,1938,1500,1500,1500,1522,1520,1482,1552,0,0,0,0
1457272152046,-0.7317073170731708,0,-8.78048780487805,0.015625,0.068359375,0.986328125,0,0,0,1503,1495,1496,1576,1938,1500,1500,1500,1523,1517,1481,1555,0,0,0,0
1457272152095,0.24390243902439027,0,-1.2195121951219514,0.01171875,-0.091796875,0.98046875,0,0,0,1503,1495,1496,1580,1938,1500,1500,1500,1527,1521,1485,1559,0,0,0,0
1457272152145,-1.2195121951219514,0.9756097560975611,6.097560975609757,0.033203125,0.0859375,0.998046875,0,0,0,1503,1496,1496,1585,1938,1500,1500,1500,1533,1523,1485,1563,0,0,0,0
1457272152195,0.7317073170731708,1.4634146341463417,-3.658536585365854,0.013671875,-0.0390625,0.978515625,0,0,0,1503,1496,1497,1593,1938,1500,1500,1500,1536,1530,1496,1566,0,0,0,0
1457272152245,-0.24390243902439027,-0.9756097560975611,-10.000000000000002,0,-0.033203125,0.9921875,0,0,0,1503,1495,1498,1598,1938,1500,1500,1500,1539,1541,1501,1567,0,0,0,0
1457272152295,-1.707317073170732,-1.4634146341463417,-3.414634146341464,0.00390625,-0.025390625,0.9375,0,0,0,1501,1495,1496,1601,1938,1500,1500,1500,1545,1537,1497,1577,0,0,0,0
1457272152350,0.48780487804878053,-0.48780487804878053,5.609756097560976,0.01171875,-0.013671875,0.978515625,0,0,0,1501,1495,1496,1603,1938,1500,1500,1500,1544,1538,1500,1578,0,0,0,0
1457272152399,0.48780487804878053,1.4634146341463417,3.414634146341464,0,-0.009765625,0.97265625,0,0,0,1502,1496,1496,1610,1938,1500,1500,1500,1551,1543,1505,1585,0,0,0,0
1457272152446,-0.9756097560975611,0.24390243902439027,8.78048780487805,0.01171875,0.04296875,0.97265625,0,0,0,1501,1496,1496,1618,1938,1500,1500,1500,1559,1549,1509,1591,0,0,0,0
1457272152499,0.7317073170731708,0.7317073170731708,5.365853658536586,0.00390625,-0.03515625,0.984375,0,0,0,1502,1495,1496,1623,1938,1500,1500,1500,1562,1552,1516,1594,0,0,0,0
1457272152548,-1.2195121951219514,0.9756097560975611,3.658536585365854,0.00390625,-0.146484375,0.986328125,0,0,0,1502,1495,1497,1626,1938,1500,1500,1500,1568,1552,1514,1598,0,0,0,0
1457272152598,0,-0.9756097560975611,-1.4634146341463417,0.025390625,-0.1953125,0.876953125,0,0,0,1502,1495,1497,1628,1938,1500,1500,1500,1567,1557,1517,1599,0,0,0,0
1457272152646,0.9756097560975611,-0.48780487804878053,-9.26829268292683,0.021484375,-0.259765625,0.921875,0,0,0,1503,1495,1497,1628,1938,1500,1500,1500,1568,1556,1516,1600,0,0,0,0
1457272152698,-0.7317073170731708,0.7317073170731708,-0.24390243902439027,0.126953125,-1.16015625,0.982421875,0,0,0,1502,1495,1497,1632,1938,1500,1500,1500,1568,1564,1520,1600,0,0,0,0
1457272152747,-0.24390243902439027,-0.24390243902439027,0.48780487804878053,0.205078125,-0.43359375,0.96484375,0,0,0,1502,1496,1496,1635,1938,1500,1500,1500,1570,1562,1524,1604,0,0,0,0
1457272152797,1.2195121951219514,1.2195121951219514,-1.9512195121951221,0.076171875,-0.064453125,0.962890625,0,0,0,1503,1495,1496,1636,1938,1500,1500,1500,1571,1563,1523,1607,0,0,0,0
1457272152847,0.7317073170731708,-0.7317073170731708,-2.682926829268293,0.01953125,0.099609375,0.90625,0,0,0,1503,1495,1496,1642,1938,1500,1500,1500,1578,1566,1528,1612,0,0,0,0
1457272152896,0.7317073170731708,0.7317073170731708,0.48780487804878053,0.009765625,0.015625,1.021484375,0,0,0,1502,1495,1498,1648,1938,1500,1500,1500,1585,1571,1529,1615,0,0,0,0
1457272152945,0,-0.48780487804878053,-1.4634146341463417,0.00390625,0.05078125,0.91015625,0,0,0,1501,1495,1498,1655,1938,1500,1500,1500,1588,1576,1538,1622,0,0,0,0
1457272152995,-0.48780487804878053,0.9756097560975611,1.2195121951219514,0.017578125,0.095703125,0.8984375,0,0,0,1501,1496,1496,1663,1938,1500,1500,1500,1596,1584,1538,1630,0,0,0,0
1457272153046,-1.9512195121951221,-0.48780487804878053,-6.585365853658537,0.013671875,0.162109375,0.9765625,0,0,0,1501,1495,1498,1666,1938,1500,1500,1500,1597,1585,1543,1631,0,0,0,0
1457272153095,1.707317073170732,-0.24390243902439027,-6.585365853658537,0.01171875,-0.302734375,0.9765625,0,0,0,1501,1495,1498,1673,1938,1500,1500,1500,1603,1593,1549,1635,0,0,0,0
1457272153148,-0.24390243902439027,0.48780487804878053,1.707317073170732,0.00390625,-0.013671875,0.958984375,0,0,0,1501,1495,1498,1680,1938,1500,1500,1500,1607,1595,1555,1643,0,0,0,0
1457272153200,-0.48780487804878053,0,-0.48780487804878053,0.005859375,0.013671875,0.974609375,0,0,0,1502,1495,1497,1687,1939,1500,1500,1500,1613,1601,1561,1649,0,0,0,0
1457272153246,-0.7317073170731708,1.2195121951219514,3.658536585365854,0.005859375,-0.017578125,0.984375,0,0,0,1502,1495,1496,1691,1938,1500,1500,1500,1611,1609,1567,1649,0,0,0,0
1457272153298,-1.707317073170732,-0.24390243902439027,-4.878048780487806,0.005859375,0.02734375,0.919921875,0,0,0,1503,1495,1496,1695,1939,1500,1500,1500,1622,1606,1562,1658,0,0,0,0
1457272153348,-0.24390243902439027,0.9756097560975611,-2.9268292682926833,0.001953125,-0.005859375,1.05078125,0,0,0,1503,1495,1498,1699,1938,1500,1500,1500,1621,1611,1567,1661,0,0,0,0
1457272153396,-0.9756097560975611,0.9756097560975611,1.707317073170732,0.005859375,-0.015625,0.953125,0,0,0,1503,1496,1497,1702,1938,1500,1500,1500,1624,1612,1568,1664,0,0,0,0
1457272153447,-0.7317073170731708,0.48780487804878053,-0.48780487804878053,0.0078125,-0.033203125,1.02734375,0,0,0,1502,1495,1497,1702,1938,1500,1500,1500,1626,1610,1566,1666,0,0,0,0
1457272153497,0.24390243902439027,-0.24390243902439027,-1.4634146341463417,0.0078125,0.029296875,1.015625,0,0,0,1502,1495,1496,1702,1938,1500,1500,1500,1625,1613,1569,1661,0,0,0,0
1457272153547,-0.24390243902439027,-0.24390243902439027,-1.9512195121951221,0.005859375,0,1.0234375,0,0,0,1502,1495,1497,1703,1938,1500,1500,1500,1623,1617,1573,1663,0,0,0,0
1457272153595,0.7317073170731708,0.48780487804878053,1.707317073170732,0.01171875,-0.025390625,1.001953125,0,0,0,1503,1495,1496,1709,1938,1500,1500,1500,1630,1618,1576,1668,0,0,0,0
1457272153646,-0.24390243902439027,0,3.9024390243902443,0.01171875,0.021484375,1.02734375,0,0,0,1502,1495,1496,1716,1938,1500,1500,1500,1633,1625,1579,1675,0,0,0,0
1457272153695,0.24390243902439027,0.7317073170731708,1.2195121951219514,0.0390625,0.09765625,1.017578125,0,0,0,1501,1495,1496,1722,1938,1500,1500,1500,1639,1629,1585,1679,0,0,0,0
1457272153745,0,-0.24390243902439027,-0.9756097560975611,0.0078125,0.001953125,0.994140625,0,0,0,1503,1495,1497,1725,1938,1500,1500,1500,1643,1629,1583,1685,0,0,0,0
1457272153795,-3.658536585365854,-0.48780487804878053,-0.24390243902439027,0,0.046875,0.962890625,0,0,0,1501,1495,1497,1728,1938,1500,1500,1500,1646,1632,1586,1684,0,0,0,0
1457272153847,-1.2195121951219514,-0.24390243902439027,2.439024390243903,0.001953125,0.02734375,0.884765625,0,0,0,1503,1495,1496,1727,1938,1500,1500,1500,1644,1632,1588,1684,0,0,0,0
1457272153898,-0.48780487804878053,-0.24390243902439027,1.2195121951219514,0.013671875,-0.072265625,0.984375,0,0,0,1502,1495,1496,1732,1938,1500,1500,1500,1647,1637,1593,1687,0,0,0,0
1457272153950,0.24390243902439027,0.9756097560975611,-3.1707317073170733,0.00390625,-0.01171875,0.99609375,0,0,0,1503,1495,1498,1735,1938,1500,1500,1500,1653,1637,1589,1693,0,0,0,0
1457272153996,-0.48780487804878053,0.9756097560975611,3.414634146341464,0.017578125,-0.181640625,0.98046875,0,0,0,1501,1495,1496,1741,1937,1500,1500,1500,1658,1640,1592,1702,0,0,0,0
1457272154047,-0.48780487804878053,0.7317073170731708,3.9024390243902443,0.0078125,-0.029296875,0.90234375,0,0,0,1501,1495,1496,1744,1938,1500,1500,1500,1656,1646,1598,1700,0,0,0,0
1457272154098,0.7317073170731708,0.24390243902439027,-1.9512195121951221,0,0.001953125,0.97265625,0,0,0,1503,1495,1497,1748,1939,1500,1500,1500,1661,1649,1603,1703,0,0,0,0
1457272154145,0.24390243902439027,0.24390243902439027,6.829268292682928,0.005859375,0.076171875,0.998046875,0,0,0,1503,1495,1497,1752,1938,1500,1500,1500,1662,1652,1606,1704,0,0,0,0
1457272154198,0.24390243902439027,0,7.317073170731708,0.017578125,-0.1640625,0.974609375,0,0,0,1503,1495,1497,1757,1938,1500,1500,1500,1671,1657,1607,1709,0,0,0,0
1457272154247,-0.7317073170731708,-0.24390243902439027,2.9268292682926833,0.037109375,-0.24609375,1,0,0,0,1502,1495,1496,1764,1938,1500,1500,1500,1673,1659,1613,1715,0,0,0,0
1457272154295,0.48780487804878053,0.48780487804878053,0.9756097560975611,0.015625,0.0234375,0.986328125,0,0,0,1503,1495,1498,1774,1938,1500,1500,1500,1679,1669,1623,1721,0,0,0,0
1457272154346,-0.48780487804878053,-0.24390243902439027,-3.1707317073170733,0.11328125,-0.291015625,1.013671875,0,0,0,1503,1495,1497,1781,1938,1500,1500,1500,1686,1674,1624,1732,0,0,0,0
1457272154395,0.48780487804878053,0.24390243902439027,-5.365853658536586,0.044921875,-0.037109375,0.9921875,0,0,0,1503,1495,1498,1788,1938,1500,1500,1500,1694,1676,1628,1738,0,0,0,0
1457272154445,-0.7317073170731708,0,-0.7317073170731708,0.037109375,0.0859375,1,0,0,0,1502,1495,1497,1795,1938,1500,1500,1500,1700,1682,1634,1744,0,0,0,0
1457272154495,-0.48780487804878053,0.48780487804878053,-2.439024390243903,0.064453125,-0.265625,0.96484375,0,0,0,1501,1495,1497,1798,1938,1500,1500,1500,1702,1684,1636,1746,0,0,0,0
1457272154545,-0.9756097560975611,-0.7317073170731708,5.121951219512195,0.013671875,0.0859375,1.0625,0,0,0,1503,1495,1497,1798,1939,1500,1500,1500,1701,1685,1637,1745,0,0,0,0
1457272154595,0.9756097560975611,0.48780487804878053,4.146341463414634,0.005859375,0.01953125,0.9921875,0,0,0,1502,1495,1498,1805,1939,1500,1500,1500,1707,1695,1641,1749,0,0,0,0
1457272154644,-0.24390243902439027,0.7317073170731708,-6.341463414634147,0.0078125,-0.025390625,0.955078125,0,0,0,1502,1496,1497,1811,1938,1500,1500,1500,1711,1699,1649,1753,0,0,0,0
1457272154695,-0.7317073170731708,-0.24390243902439027,7.8048780487804885,0.01171875,-0.05859375,0.990234375,0,0,0,1503,1496,1497,1818,1938,1500,1500,1500,1716,1700,1650,1762,0,0,0,0
1457272154745,-0.9756097560975611,-0.48780487804878053,0.7317073170731708,0.154296875,-0.576171875,0.9765625,0,0,0,1502,1495,1498,1824,1939,1500,1500,1500,1721,1707,1655,1765,0,0,0,0
1457272154798,-1.2195121951219514,0.24390243902439027,3.658536585365854,0.0546875,-0.037109375,1.001953125,0,0,0,1502,1495,1498,1831,1939,1500,1500,1500,1724,1716,1662,1770,0,0,0,0
1457272154848,-0.24390243902439027,-0.24390243902439027,-2.9268292682926833,0.013671875,-0.33203125,1,0,0,0,1503,1496,1498,1837,1939,1500,1500,1500,1729,1717,1667,1775,0,0,0,0
1457272154895,0.24390243902439027,0.48780487804878053,1.2195121951219514,0.013671875,-0.072265625,0.96484375,0,0,0,1503,1495,1497,1842,1938,1500,1500,1500,1735,1721,1669,1779,0,0,0,0
1457272154949,0.9756097560975611,-0.48780487804878053,0.48780487804878053,0.029296875,-0.498046875,0.998046875,0,0,0,1503,1496,1496,1849,1938,1500,1500,1500,1742,1726,1674,1786,0,0,0,0
1457272154998,0.7317073170731708,0.9756097560975611,-1.9512195121951221,0.01171875,-0.3671875,0.966796875,0,0,0,1503,1495,1497,1856,1938,1500,1500,1500,1746,1734,1680,1792,0,0,0,0
1457272155048,-1.2195121951219514,1.2195121951219514,1.4634146341463417,0.001953125,0.0078125,0.9765625,0,0,0,1503,1495,1497,1856,1938,1500,1500,1500,1745,1735,1679,1793,0,0,0,0
1457272155098,1.4634146341463417,0.24390243902439027,-4.634146341463415,0.00390625,-0.115234375,0.994140625,0,0,0,1503,1495,1498,1856,1938,1500,1500,1500,1748,1734,1676,1794,0,0,0,0
1457272155145,1.4634146341463417,0,-0.24390243902439027,0.005859375,-0.048828125,0.947265625,0,0,0,1501,1495,1496,1858,1938,1500,1500,1500,1747,1733,1679,1797,0,0,0,0
1457272155197,0.24390243902439027,0.48780487804878053,-3.9024390243902443,0.013671875,0.08984375,0.98046875,0,0,0,1503,1495,1497,1866,1939,1500,1500,1500,1758,1738,1682,1802,0,0,0,0
1457272155246,-0.7317073170731708,0.24390243902439027,-1.4634146341463417,0.03515625,-0.099609375,0.951171875,0,0,0,1503,1495,1497,1871,1938,1500,1500,1500,1761,1743,1687,1805,0,0,0,0
1457272155295,2.682926829268293,-1.2195121951219514,-6.341463414634147,0,0.185546875,0.958984375,0,0,0,1503,1495,1496,1872,1938,1500,1500,1500,1761,1739,1685,1811,0,0,0,0
1457272155346,-3.414634146341464,-1.9512195121951221,-0.48780487804878053,0.015625,-0.359375,0.98828125,0,0,0,1503,1496,1496,1873,1939,1500,1500,1500,1759,1743,1691,1807,0,0,0,0
1457272155395,-2.682926829268293,-0.9756097560975611,-0.9756097560975611,0,-0.13671875,0.953125,0,0,0,1503,1495,1498,1874,1939,1500,1500,1500,1762,1750,1688,1808,0,0,0,0
1457272155444,-2.439024390243903,-1.4634146341463417,0,0.0234375,-0.76171875,0.935546875,0,0,0,1501,1495,1497,1877,1938,1500,1500,1500,1763,1749,1691,1813,0,0,0,0
1457272155495,-1.707317073170732,-1.4634146341463417,0.7317073170731708,0.005859375,0.05078125,1.02734375,0,0,0,1502,1495,1496,1880,1938,1500,1500,1500,1765,1749,1695,1815,0,0,0,0
1457272155546,-0.48780487804878053,0.24390243902439027,0.7317073170731708,0.017578125,-0.109375,1.02734375,0,0,0,1503,1496,1496,1883,1938,1500,1500,1500,1772,1750,1692,1822,0,0,0,0
1457272155599,0.9756097560975611,0.24390243902439027,-1.2195121951219514,0.03515625,-0.568359375,0.951171875,0,0,0,1501,1496,1497,1888,1938,1500,1500,1500,1773,1755,1699,1821,0,0,0,0
1457272155647,2.9268292682926833,0,0.24390243902439027,0.015625,-0.115234375,0.998046875,0,0,0,1502,1496,1497,1890,1938,1500,1500,1500,1776,1752,1698,1826,0,0,0,0
1457272155695,0.48780487804878053,1.9512195121951221,1.4634146341463417,0.00390625,-0.126953125,1.05078125,0,0,0,1502,1495,1496,1890,1938,1500,1500,1500,1776,1756,1696,1824,0,0,0,0
1457272155749,-0.7317073170731708,-0.48780487804878053,-2.1951219512195124,-0.001953125,0.2734375,0.998046875,0,0,0,1503,1495,1496,1892,1938,1500,1500,1500,1779,1757,1701,1827,0,0,0,0
1457272155798,-0.24390243902439027,-0.9756097560975611,-0.24390243902439027,0.001953125,0.31640625,1.009765625,0,0,0,1503,1496,1497,1892,1938,1500,1500,1500,1777,1757,1699,1831,0,0,0,0
1457272155845,1.4634146341463417,-1.2195121951219514,9.02439024390244,0.0078125,-0.501953125,0.982421875,0,0,0,1502,1495,1497,1894,1939,1500,1500,1500,1779,1763,1699,1827,0,0,0,0
1457272155898,-1.9512195121951221,2.1951219512195124,-0.48780487804878053,0.015625,-0.0625,0.978515625,0,0,0,1503,1495,1496,1901,1938,1500,1500,1500,1780,1768,1710,1834,0,0,0,0
1457272155948,-0.7317073170731708,1.2195121951219514,6.829268292682928,0.02734375,0.037109375,0.89453125,0,0,0,1503,1495,1497,1906,1938,1500,1500,1500,1789,1767,1707,1841,0,0,0,0
1457272155995,-0.24390243902439027,1.4634146341463417,-4.390243902439025,0.015625,-0.138671875,0.98046875,0,0,0,1503,1495,1498,1907,1939,1500,1500,1500,1788,1770,1710,1840,0,0,0,0
1457272156046,-0.9756097560975611,1.2195121951219514,-5.609756097560976,0.04296875,-0.044921875,0.998046875,0,0,0,1503,1495,1497,1908,1939,1500,1500,1500,1788,1768,1710,1842,0,0,0,0
1457272156097,-0.48780487804878053,0.24390243902439027,8.048780487804878,0.021484375,-0.48046875,0.951171875,0,0,0,1503,1496,1497,1909,1938,1500,1500,1500,1792,1766,1710,1844,0,0,0,0
1457272156145,0.48780487804878053,0.7317073170731708,-5.121951219512195,0.001953125,-0.275390625,1.103515625,0,0,0,1503,1495,1498,1914,1939,1500,1500,1500,1794,1774,1712,1848,0,0,0,0
1457272156196,-2.1951219512195124,0.24390243902439027,-4.146341463414634,0.01171875,-0.7578125,1.12109375,0,0,0,1503,1495,1496,1917,1938,1500,1500,1500,1793,1777,1717,1849,0,0,0,0
1457272156245,-0.24390243902439027,-1.707317073170732,-1.2195121951219514,0.015625,-0.22265625,0.9296875,0,0,0,1503,1495,1496,1920,1938,1500,1500,1500,1796,1776,1714,1850,0,0,0,0
1457272156295,-2.1951219512195124,-0.9756097560975611,-2.682926829268293,0.04296875,0.109375,0.93359375,0,0,0,1503,1495,1497,1923,1938,1500,1500,1500,1796,1778,1716,1850,0,0,0,0
1457272156345,-2.682926829268293,-0.48780487804878053,0.48780487804878053,0.013671875,-0.248046875,1.052734375,0,0,0,1503,1495,1496,1926,1939,1500,1500,1500,1796,1780,1718,1850,0,0,0,0
1457272156395,-1.9512195121951221,-1.2195121951219514,4.878048780487806,0.009765625,-0.095703125,0.82421875,0,0,0,1502,1495,1496,1927,1938,1500,1500,1500,1798,1782,1718,1850,0,0,0,0
1457272156444,0.24390243902439027,-0.7317073170731708,1.2195121951219514,0.041015625,-0.798828125,0.966796875,0,0,0,1502,1496,1496,1929,1938,1500,1500,1500,1796,1776,1714,1850,0,0,0,0
1457272156499,1.2195121951219514,2.9268292682926833,-6.585365853658537,0.021484375,-0.197265625,1.001953125,0,0,0,1501,1495,1496,1932,1938,1500,1500,1500,1798,1776,1712,1850,0,0,0,0
1457272156548,1.707317073170732,-1.4634146341463417,1.2195121951219514,0.0390625,-0.18359375,0.900390625,0,0,0,1502,1495,1497,1936,1938,1500,1500,1500,1798,1782,1722,1850,0,0,0,0
1457272156595,2.9268292682926833,1.2195121951219514,-2.439024390243903,0.0234375,-0.298828125,0.94921875,0,0,0,1502,1495,1497,1941,1938,1500,1500,1500,1798,1786,1718,1850,0,0,0,0
1457272156647,-2.439024390243903,0,2.9268292682926833,0.03125,-1.060546875,1.0859375,0,0,0,1503,1495,1496,1947,1938,1500,1500,1500,1794,1780,1720,1850,0,0,0,0
1457272156697,-1.707317073170732,-0.48780487804878053,-0.7317073170731708,0.005859375,-0.203125,1.013671875,0,0,0,1503,1496,1497,1955,1938,1500,1500,1500,1794,1774,1710,1850,0,0,0,0
1457272156748,0,-0.24390243902439027,-0.24390243902439027,0.056640625,-0.474609375,1.15234375,0,0,0,1502,1496,1497,1956,1938,1500,1500,1500,1792,1776,1714,1850,0,0,0,0
1457272156798,-2.439024390243903,-0.24390243902439027,3.1707317073170733,0.0390625,-0.83203125,0.916015625,0,0,0,1502,1495,1498,1958,1938,1500,1500,1500,1798,1772,1708,1850,0,0,0,0
1457272156846,0.7317073170731708,-0.48780487804878053,-0.9756097560975611,0.037109375,-0.1171875,0.958984375,0,0,0,1503,1495,1496,1958,1938,1500,1500,1500,1798,1776,1712,1850,0,0,0,0
1457272156897,-3.414634146341464,0.7317073170731708,0.24390243902439027,0.0390625,-0.05078125,0.95703125,0,0,0,1503,1495,1496,1958,1938,1500,1500,1500,1792,1770,1708,1850,0,0,0,0
1457272156945,3.1707317073170733,0,2.682926829268293,0.03125,0.12890625,0.916015625,0,0,0,1503,1495,1496,1960,1938,1500,1500,1500,1798,1782,1714,1850,0,0,0,0
1457272156996,-3.658536585365854,0.24390243902439027,-0.48780487804878053,0.015625,0.05859375,1.1015625,0,0,0,1503,1495,1496,1966,1938,1500,1500,1500,1794,1770,1710,1850,0,0,0,0
1457272157045,-3.1707317073170733,-3.658536585365854,10.24390243902439,0.01953125,0.025390625,1.201171875,0,0,0,1503,1495,1496,1976,1938,1500,1500,1500,1796,1780,1710,1850,0,0,0,0
1457272157095,1.4634146341463417,-1.2195121951219514,3.1707317073170733,0.087890625,0.501953125,1.083984375,0,0,0,1503,1495,1497,1982,1938,1500,1500,1500,1790,1776,1712,1850,0,0,0,0
1457272157145,-2.1951219512195124,0.24390243902439027,-6.341463414634147,0.005859375,0.005859375,0.912109375,0,0,0,1503,1495,1498,1989,1939,1500,1500,1500,1790,1772,1708,1850,0,0,0,0
1457272157198,1.4634146341463417,1.707317073170732,3.414634146341464,0.025390625,0.28125,0.876953125,0,0,0,1502,1495,1498,1992,1939,1500,1500,1500,1790,1774,1710,1850,0,0,0,0
1457272157245,0,-0.48780487804878053,-3.1707317073170733,0.0234375,-0.181640625,1.025390625,0,0,0,1503,1495,1496,1993,1938,1500,1500,1500,1792,1770,1708,1850,0,0,0,0
1457272157296,2.439024390243903,-1.4634146341463417,-3.658536585365854,0.025390625,-0.279296875,0.79296875,0,0,0,1502,1495,1496,1992,1938,1500,1500,1500,1796,1772,1706,1850,0,0,0,0
1457272157349,3.658536585365854,-0.9756097560975611,0.24390243902439027,0.0859375,-1.037109375,1.005859375,0,0,0,1503,1495,1497,1992,1939,1500,1500,1500,1794,1788,1720,1850,0,0,0,0
1457272157398,-0.9756097560975611,0.48780487804878053,-2.439024390243903,0.107421875,-1.33203125,1.09765625,0,0,0,1502,1496,1497,1992,1938,1500,1500,1500,1792,1772,1710,1850,0,0,0,0
1457272157448,0,-0.7317073170731708,7.317073170731708,0.02734375,-0.3125,1.044921875,0,0,0,1503,1495,1496,1993,1938,1500,1500,1500,1792,1776,1710,1850,0,0,0,0
1457272157495,-1.9512195121951221,-1.4634146341463417,-2.439024390243903,0.044921875,-0.09765625,0.99609375,0,0,0,1503,1495,1497,1992,1938,1500,1500,1500,1792,1776,1710,1850,0,0,0,0
1457272157547,-1.9512195121951221,0.7317073170731708,-2.9268292682926833,0.03515625,0.076171875,0.90625,0,0,0,1503,1495,1496,1992,1938,1500,1500,1500,1786,1764,1700,1850,0,0,0,0
1457272157597,0.24390243902439027,0.24390243902439027,3.658536585365854,0.02734375,0.060546875,0.990234375,0,0,0,1503,1495,1496,1994,1938,1500,1500,1500,1790,1772,1708,1850,0,0,0,0
1457272157646,-0.7317073170731708,0.24390243902439027,-3.1707317073170733,0.029296875,-0.1796875,0.90625,0,0,0,1502,1496,1497,1992,1938,1500,1500,1500,1794,1770,1702,1850,0,0,0,0
1457272157697,0.48780487804878053,0.24390243902439027,0.9756097560975611,0.015625,-0.025390625,0.87109375,0,0,0,1501,1495,1497,1992,1938,1500,1500,1500,1790,1778,1714,1850,0,0,0,0
1457272157746,-2.682926829268293,-1.4634146341463417,-2.1951219512195124,0,0.080078125,1.076171875,0,0,0,1503,1495,1496,1993,1938,1500,1500,1500,1792,1770,1704,1850,0,0,0,0
1457272157796,-0.9756097560975611,-1.9512195121951221,-3.1707317073170733,0.001953125,-0.068359375,1.044921875,0,0,0,1503,1495,1496,1992,1939,1500,1500,1500,1790,1766,1702,1850,0,0,0,0
1457272157845,0.24390243902439027,1.2195121951219514,8.292682926829269,0.013671875,-0.025390625,1.1328125,0,0,0,1503,1495,1497,1992,1938,1500,1500,1500,1788,1772,1702,1850,0,0,0,0
1457272157895,-0.24390243902439027,0.24390243902439027,1.2195121951219514,0.025390625,-0.111328125,1.111328125,0,0,0,1503,1495,1497,1992,1938,1500,1500,1500,1790,1782,1714,1850,0,0,0,0
1457272157946,-0.48780487804878053,0.24390243902439027,-2.1951219512195124,0.0703125,-0.333984375,1.0390625,0,0,0,1502,1495,1496,1992,1938,1500,1500,1500,1790,1768,1696,1850,0,0,0,0
1457272157996,0.9756097560975611,1.707317073170732,4.390243902439025,0.056640625,-0.43359375,1,0,0,0,1503,1495,1496,1992,1938,1500,1500,1500,1790,1764,1692,1850,0,0,0,0
1457272158047,-0.48780487804878053,-2.1951219512195124,5.365853658536586,0.033203125,-0.798828125,0.91796875,0,0,0,1503,1495,1496,1995,1938,1500,1500,1500,1788,1770,1704,1850,0,0,0,0
1457272158097,-1.2195121951219514,0.24390243902439027,3.658536585365854,0.017578125,-0.478515625,1.05859375,0,0,0,1503,1495,1496,1995,1938,1500,1500,1500,1790,1768,1700,1850,0,0,0,0
1457272158147,0.24390243902439027,0.24390243902439027,7.560975609756098,0.015625,0.037109375,0.78515625,0,0,0,1503,1495,1497,1994,1939,1500,1500,1500,1790,1780,1708,1850,0,0,0,0
1457272158199,-0.24390243902439027,-0.7317073170731708,-1.707317073170732,0.0078125,-0.294921875,0.826171875,0,0,0,1502,1495,1497,1994,1938,1500,1500,1500,1790,1766,1694,1850,0,0,0,0
1457272158246,6.097560975609757,-0.48780487804878053,-0.9756097560975611,0,-0.01171875,0.95703125,0,0,0,1502,1496,1496,1994,1938,1500,1500,1500,1790,1774,1702,1850,0,0,0,0
1457272158298,2.1951219512195124,1.2195121951219514,-10.24390243902439,0.005859375,-0.119140625,1.15625,0,0,0,1503,1495,1496,1994,1938,1500,1500,1500,1788,1768,1694,1850,0,0,0,0
1457272158346,-2.9268292682926833,-0.48780487804878053,-0.24390243902439027,0.021484375,0.05859375,0.97265625,0,0,0,1503,1495,1497,1995,1938,1500,1500,1500,1790,1774,1698,1850,0,0,0,0
1457272158397,-0.24390243902439027,-0.48780487804878053,-2.682926829268293,-0.009765625,-0.19140625,0.90234375,0,0,0,1502,1495,1497,1994,1938,1500,1500,1500,1786,1766,1698,1850,0,0,0,0
1457272158446,1.4634146341463417,-0.24390243902439027,-5.853658536585367,0.00390625,-0.44140625,0.97265625,0,0,0,1503,1496,1497,1992,1938,1500,1500,1500,1790,1764,1692,1850,0,0,0,0
1457272158496,-3.9024390243902443,0.24390243902439027,3.9024390243902443,0.0234375,-0.2578125,1.052734375,0,0,0,1503,1496,1496,1992,1938,1500,1500,1500,1788,1770,1704,1850,0,0,0,0
1457272158545,-1.4634146341463417,2.1951219512195124,-6.341463414634147,0.015625,0.08984375,0.955078125,0,0,0,1503,1495,1496,1992,1938,1500,1500,1500,1782,1758,1686,1850,0,0,0,0
1457272158594,1.9512195121951221,0.24390243902439027,2.1951219512195124,0.013671875,-0.982421875,1.037109375,0,0,0,1502,1495,1497,1992,1938,1500,1500,1500,1784,1760,1686,1850,0,0,0,0
1457272158645,-1.4634146341463417,0.7317073170731708,-6.829268292682928,0.07421875,-0.841796875,0.890625,0,0,0,1503,1495,1498,1992,1938,1500,1500,1500,1782,1766,1694,1850,0,0,0,0
1457272158698,1.707317073170732,0.48780487804878053,-5.121951219512195,0.03515625,-0.96484375,1.09375,0,0,0,1502,1495,1497,1992,1938,1500,1500,1500,1786,1762,1686,1850,0,0,0,0
1457272158748,-0.24390243902439027,-0.48780487804878053,0,0.009765625,-0.087890625,1.056640625,0,0,0,1503,1495,1496,1992,1938,1500,1500,1500,1782,1762,1690,1850,0,0,0,0
1457272158797,-0.9756097560975611,1.2195121951219514,8.78048780487805,0.017578125,-0.294921875,0.953125,0,0,0,1503,1495,1498,1992,1938,1500,1500,1500,1788,1774,1700,1850,0,0,0,0
1457272158845,-2.1951219512195124,-1.2195121951219514,0.7317073170731708,0.0234375,-0.07421875,0.921875,0,0,0,1501,1495,1498,1992,1938,1500,1500,1500,1786,1772,1696,1850,0,0,0,0
1457272158895,0.9756097560975611,0.7317073170731708,2.1951219512195124,0.02734375,0.240234375,0.921875,0,0,0,1503,1495,1497,1991,1937,1500,1500,1500,1784,1762,1688,1850,0,0,0,0
1457272158949,1.4634146341463417,-0.9756097560975611,0.9756097560975611,0.0234375,0.12109375,0.91796875,0,0,0,1502,1495,1496,1991,1938,1500,1500,1500,1780,1760,1686,1850,0,0,0,0
1457272158998,1.9512195121951221,-0.24390243902439027,4.878048780487806,0.01171875,0.2109375,0.974609375,0,0,0,1503,1495,1497,1990,1938,1500,1500,1500,1780,1764,1694,1850,0,0,0,0
1457272159048,1.4634146341463417,0.7317073170731708,10.24390243902439,0.017578125,-0.28515625,1.015625,0,0,0,1501,1495,1496,1990,1938,1500,1500,1500,1782,1774,1702,1850,0,0,0,0
1457272159098,1.4634146341463417,-0.24390243902439027,-1.2195121951219514,0.005859375,-0.19140625,0.9375,0,0,0,1502,1496,1496,1991,1937,1500,1500,1500,1786,1772,1696,1850,0,0,0,0
1457272159148,-0.24390243902439027,-0.24390243902439027,1.2195121951219514,0.02734375,-0.009765625,0.908203125,0,0,0,1502,1495,1496,1991,1938,1500,1500,1500,1784,1770,1696,1850,0,0,0,0
1457272159198,4.146341463414634,0,3.658536585365854,0.0078125,-0.03125,0.828125,0,0,0,1503,1495,1496,1991,1938,1500,1500,1500,1788,1770,1692,1850,0,0,0,0
1457272159247,0.48780487804878053,-0.9756097560975611,1.4634146341463417,0.01953125,0.009765625,0.873046875,0,0,0,1503,1495,1496,1988,1937,1500,1500,1500,1782,1754,1678,1850,0,0,0,0
1457272159296,-3.658536585365854,0.48780487804878053,12.926829268292684,0.03515625,0.037109375,0.88671875,0,0,0,1503,1495,1496,1976,1937,1500,1500,1500,1776,1760,1686,1850,0,0,0,0
1457272159346,-0.24390243902439027,0.7317073170731708,2.1951219512195124,0.02734375,-0.140625,0.94140625,0,0,0,1502,1495,1497,1969,1938,1500,1500,1500,1780,1762,1688,1850,0,0,0,0
1457272159395,0.48780487804878053,0,0.9756097560975611,0.041015625,-0.109375,0.884765625,0,0,0,1502,1495,1497,1963,1938,1500,1500,1500,1782,1764,1684,1850,0,0,0,0
1457272159445,-1.2195121951219514,0.9756097560975611,-7.073170731707318,0,-0.3515625,1.001953125,0,0,0,1503,1495,1496,1956,1938,1500,1500,1500,1782,1756,1676,1850,0,0,0,0
1457272159496,-1.4634146341463417,0.7317073170731708,-0.9756097560975611,0.033203125,-0.802734375,0.927734375,0,0,0,1502,1496,1497,1951,1938,1500,1500,1500,1782,1766,1686,1850,0,0,0,0
1457272159548,3.658536585365854,0,-4.390243902439025,0.04296875,-0.494140625,0.953125,0,0,0,1503,1495,1496,1945,1938,1500,1500,1500,1780,1758,1684,1850,0,0,0,0
1457272159597,0.24390243902439027,-0.48780487804878053,-3.658536585365854,0.041015625,-0.3515625,0.951171875,0,0,0,1501,1495,1496,1937,1938,1500,1500,1500,1778,1748,1672,1850,0,0,0,0
1457272159645,0.9756097560975611,-1.2195121951219514,-5.609756097560976,0.017578125,0.25,0.96875,0,0,0,1501,1495,1498,1926,1938,1500,1500,1500,1780,1752,1678,1850,0,0,0,0
1457272159699,3.658536585365854,-1.4634146341463417,-0.48780487804878053,0.0078125,-0.181640625,0.97265625,0,0,0,1503,1496,1497,1918,1938,1500,1500,1500,1776,1756,1678,1850,0,0,0,0
1457272159749,-1.2195121951219514,0.48780487804878053,-1.9512195121951221,-0.001953125,-0.22265625,0.966796875,0,0,0,1503,1495,1497,1908,1938,1500,1500,1500,1776,1756,1678,1850,0,0,0,0
1457272159798,-0.24390243902439027,1.707317073170732,-2.9268292682926833,0.015625,0.029296875,0.962890625,0,0,0,1502,1495,1496,1900,1938,1500,1500,1500,1776,1746,1668,1850,0,0,0,0
1457272159848,-0.48780487804878053,0.24390243902439027,0,0.005859375,0.08203125,0.970703125,0,0,0,1502,1495,1496,1888,1938,1500,1500,1500,1774,1754,1674,1846,0,0,0,0
1457272159896,0.48780487804878053,-0.48780487804878053,-3.414634146341464,0.021484375,-0.2734375,0.8984375,0,0,0,1503,1495,1496,1874,1938,1500,1500,1500,1767,1739,1661,1841,0,0,0,0
1457272159947,1.2195121951219514,-0.24390243902439027,-1.9512195121951221,0.005859375,-0.515625,1.013671875,0,0,0,1502,1496,1496,1865,1939,1500,1500,1500,1760,1736,1656,1828,0,0,0,0
1457272159995,-1.4634146341463417,0.24390243902439027,1.4634146341463417,0.015625,-0.162109375,0.90234375,0,0,0,1501,1496,1498,1857,1938,1500,1500,1500,1751,1729,1649,1823,0,0,0,0
1457272160046,0.24390243902439027,0.24390243902439027,1.2195121951219514,0.01953125,-0.751953125,0.921875,0,0,0,1502,1496,1497,1852,1939,1500,1500,1500,1749,1725,1643,1819,0,0,0,0
1457272160095,2.1951219512195124,0.9756097560975611,-1.9512195121951221,0.017578125,-0.1015625,1.001953125,0,0,0,1502,1496,1496,1838,1938,1500,1500,1500,1737,1715,1633,1811,0,0,0,0
1457272160145,0,-0.48780487804878053,3.1707317073170733,-0.00390625,0.087890625,1.0859375,0,0,0,1501,1495,1497,1824,1938,1500,1500,1500,1726,1704,1620,1798,0,0,0,0
1457272160197,-0.24390243902439027,0.9756097560975611,4.146341463414634,0.025390625,-0.232421875,0.8828125,0,0,0,1502,1495,1496,1810,1938,1500,1500,1500,1716,1688,1608,1792,0,0,0,0
1457272160246,1.707317073170732,0.7317073170731708,2.1951219512195124,0,-0.09375,0.98046875,0,0,0,1501,1495,1496,1798,1938,1500,1500,1500,1708,1678,1600,1782,0,0,0,0
1457272160295,0.7317073170731708,-0.24390243902439027,-1.707317073170732,0.015625,0.01171875,1.001953125,0,0,0,1502,1496,1496,1788,1938,1500,1500,1500,1696,1674,1594,1772,0,0,0,0
1457272160350,0.24390243902439027,0.48780487804878053,-1.4634146341463417,0.05078125,-0.54296875,0.966796875,0,0,0,1503,1495,1497,1778,1939,1500,1500,1500,1692,1666,1584,1766,0,0,0,0
1457272160398,-1.4634146341463417,0,-2.1951219512195124,0.015625,-0.1328125,0.919921875,0,0,0,1503,1495,1497,1766,1938,1500,1500,1500,1683,1657,1575,1757,0,0,0,0
1457272160449,0.48780487804878053,0.24390243902439027,3.9024390243902443,0.005859375,-0.041015625,0.962890625,0,0,0,1503,1495,1497,1757,1938,1500,1500,1500,1676,1648,1568,1752,0,0,0,0
1457272160495,-0.7317073170731708,-0.48780487804878053,0.7317073170731708,0.041015625,0.04296875,1,0,0,0,1503,1495,1496,1743,1938,1500,1500,1500,1664,1636,1556,1740,0,0,0,0
1457272160547,-0.48780487804878053,0.48780487804878053,0.9756097560975611,0.046875,-0.546875,0.9375,0,0,0,1503,1495,1496,1730,1938,1500,1500,1500,1654,1628,1548,1730,0,0,0,0
1457272160598,0.9756097560975611,0.24390243902439027,3.1707317073170733,0.0234375,-0.119140625,0.990234375,0,0,0,1503,1495,1497,1717,1938,1500,1500,1500,1643,1619,1537,1717,0,0,0,0
1457272160646,-0.7317073170731708,0.48780487804878053,-1.2195121951219514,0.2265625,-0.69921875,0.904296875,0,0,0,1503,1495,1496,1706,1938,1500,1500,1500,1638,1606,1526,1714,0,0,0,0
1457272160697,-0.48780487804878053,0,-0.7317073170731708,0.02734375,0.056640625,0.982421875,0,0,0,1503,1495,1496,1699,1938,1500,1500,1500,1630,1604,1520,1706,0,0,0,0
1457272160747,-0.24390243902439027,0.48780487804878053,2.1951219512195124,0.056640625,0.015625,0.98828125,0,0,0,1503,1495,1496,1687,1938,1500,1500,1500,1622,1592,1510,1700,0,0,0,0
1457272160796,0.48780487804878053,0.48780487804878053,3.1707317073170733,0.0078125,-0.033203125,0.947265625,0,0,0,1503,1495,1496,1669,1938,1500,1500,1500,1607,1583,1497,1681,0,0,0,0
1457272160851,0,-0.24390243902439027,2.1951219512195124,0.005859375,-0.01953125,0.93359375,0,0,0,1502,1495,1497,1654,1939,1500,1500,1500,1594,1568,1486,1672,0,0,0,0
1457272160898,-0.9756097560975611,-0.24390243902439027,1.2195121951219514,0.009765625,-0.017578125,0.96875,0,0,0,1503,1495,1498,1637,1938,1500,1500,1500,1583,1555,1469,1661,0,0,0,0
1457272160945,0.48780487804878053,-0.48780487804878053,1.2195121951219514,0.0078125,0.00390625,0.943359375,0,0,0,1503,1495,1497,1622,1938,1500,1500,1500,1567,1547,1463,1647,0,0,0,0
1457272160996,0.48780487804878053,0.24390243902439027,-1.9512195121951221,0.00390625,-0.01171875,1.013671875,0,0,0,1501,1496,1497,1607,1939,1500,1500,1500,1559,1535,1447,1635,0,0,0,0
1457272161047,-0.48780487804878053,0,0,0.005859375,0.029296875,0.966796875,0,0,0,1503,1495,1498,1588,1939,1500,1500,1500,1544,1516,1432,1624,0,0,0,0
1457272161098,0.9756097560975611,-0.48780487804878053,-4.634146341463415,0.009765625,-0.126953125,0.978515625,0,0,0,1503,1496,1498,1575,1938,1500,1500,1500,1535,1507,1417,1613,0,0,0,0
1457272161145,0.7317073170731708,0.9756097560975611,-10.24390243902439,0.013671875,-0.037109375,0.984375,0,0,0,1501,1496,1497,1567,1938,1500,1500,1500,1529,1497,1411,1611,0,0,0,0
1457272161198,0,0.48780487804878053,-1.4634146341463417,0.02734375,0.046875,1.001953125,0,0,0,1502,1495,1497,1554,1938,1500,1500,1500,1518,1488,1404,1598,0,0,0,0
1457272161246,0.7317073170731708,0,5.121951219512195,0.0390625,-0.0625,0.978515625,0,0,0,1502,1495,1497,1536,1938,1500,1500,1500,1505,1477,1389,1581,0,0,0,0
1457272161296,1.707317073170732,0.7317073170731708,4.878048780487806,0.01171875,0.00390625,0.958984375,0,0,0,1503,1496,1496,1513,1938,1500,1500,1500,1489,1455,1369,1567,0,0,0,0
1457272161345,-1.4634146341463417,0.9756097560975611,2.682926829268293,0.0078125,0.041015625,1.029296875,0,0,0,1503,1495,1497,1493,1938,1500,1500,1500,1473,1441,1353,1553,0,0,0,0
1457272161395,-0.7317073170731708,-0.48780487804878053,2.682926829268293,0.00390625,0.017578125,0.955078125,0,0,0,1503,1495,1496,1480,1938,1500,1500,1500,1461,1433,1345,1541,0,0,0,0
1457272161446,1.4634146341463417,-0.48780487804878053,-2.439024390243903,0.015625,-0.03125,0.96484375,0,0,0,1503,1495,1497,1457,1938,1500,1500,1500,1443,1415,1327,1523,0,0,0,0
1457272161497,0.48780487804878053,-0.48780487804878053,3.414634146341464,0.001953125,-0.037109375,0.98828125,0,0,0,1502,1496,1497,1431,1938,1500,1500,1500,1423,1395,1305,1501,0,0,0,0
1457272161545,-1.2195121951219514,0.7317073170731708,3.1707317073170733,0.005859375,-0.037109375,1.005859375,0,0,0,1503,1495,1497,1402,1938,1500,1500,1500,1400,1372,1284,1480,0,0,0,0
1457272161599,0.7317073170731708,-0.48780487804878053,5.853658536585367,-0.0078125,-0.03515625,0.98046875,0,0,0,1503,1495,1498,1380,1938,1500,1500,1500,1385,1355,1265,1463,0,0,0,0
1457272161647,3.1707317073170733,0,-3.414634146341464,0.064453125,-0.3125,0.98046875,0,0,0,1502,1495,1498,1347,1938,1500,1500,1500,1356,1330,1240,1438,0,0,0,0
1457272161695,-1.9512195121951221,1.4634146341463417,1.707317073170732,0.009765625,-0.044921875,0.990234375,0,0,0,1503,1495,1496,1319,1938,1500,1500,1500,1335,1309,1219,1417,0,0,0,0
1457272161747,0.24390243902439027,0.48780487804878053,-0.48780487804878053,0.013671875,-0.01171875,0.970703125,0,0,0,1503,1495,1497,1294,1938,1500,1500,1500,1318,1288,1196,1398,0,0,0,0
1457272161798,0.48780487804878053,0.48780487804878053,0.7317073170731708,0.01171875,-0.001953125,0.9765625,0,0,0,1503,1495,1498,1271,1939,1500,1500,1500,1302,1272,1178,1380,0,0,0,0
1457272161848,-2.1951219512195124,1.9512195121951221,3.414634146341464,0.00390625,-0.021484375,0.984375,0,0,0,1503,1496,1498,1244,1938,1500,1500,1500,1279,1251,1159,1359,0,0,0,0
1457272161898,-1.2195121951219514,-1.4634146341463417,1.4634146341463417,0.00390625,-0.033203125,0.98046875,0,0,0,1503,1496,1496,1207,1938,1500,1500,1500,1251,1221,1150,1331,0,0,0,0
1457272161947,-4.634146341463415,0.48780487804878053,2.439024390243903,0.005859375,-0.01171875,0.984375,0,0,0,1503,1496,1496,1168,1938,1500,1500,1500,1219,1193,1150,1299,0,0,0,0
1457272161997,-0.48780487804878053,0,1.2195121951219514,0.00390625,-0.013671875,0.986328125,0,0,0,1503,1495,1498,1126,1939,1500,1500,1500,1184,1158,1150,1266,0,0,0,0
1457272162046,-0.7317073170731708,-1.2195121951219514,-0.48780487804878053,0.0078125,-0.005859375,0.982421875,0,0,0,1503,1495,1498,1102,1939,1500,1500,1500,1150,1158,1150,1150,0,0,0,0
1457272162096,0.7317073170731708,0.24390243902439027,0.24390243902439027,0,0.001953125,0.98828125,0,0,0,1503,1495,1497,1077,1938,1500,1500,1500,1150,1154,1150,1152,0,0,0,0
1457272162145,-2.439024390243903,-0.24390243902439027,0.48780487804878053,0.001953125,0.00390625,0.98828125,0,0,0,1503,1495,1498,1044,1939,1500,1500,1500,1150,1154,1150,1152,0,0,0,0
1457272162195,-0.48780487804878053,0,0.24390243902439027,0,0.005859375,0.98828125,0,0,0,1502,1495,1498,1006,1938,1500,1500,1500,1150,1153,1150,1151,0,0,0,0
1457272162245,1.4634146341463417,1.2195121951219514,0.48780487804878053,0,0.00390625,0.986328125,0,0,0,1503,1496,1497,1000,1938,1500,1500,1500,1151,1155,1150,1150,0,0,0,0
1457272162299,0.7317073170731708,0.7317073170731708,0.24390243902439027,0.001953125,0.001953125,0.98828125,0,0,0,1503,1495,1498,999,1939,1500,1500,1500,1150,1153,1150,1153,0,0,0,0
1457272162350,-0.9756097560975611,-0.24390243902439027,0.24390243902439027,0,0.00390625,0.986328125,0,0,0,1503,1495,1498,999,1939,1500,1500,1500,1150,1152,1150,1152,0,0,0,0
1457272162398,-2.9268292682926833,-0.9756097560975611,0.24390243902439027,0.001953125,0.00390625,0.986328125,0,0,0,1502,1495,1496,998,1938,1500,1500,1500,1150,1152,1150,1152,0,0,0,0
1457272162449,0.9756097560975611,0.7317073170731708,0.48780487804878053,0,0,0.986328125,0,0,0,1503,1496,1497,998,1938,1500,1500,1500,1150,1156,1150,1150,0,0,0,0
1457272162499,1.4634146341463417,1.2195121951219514,0.48780487804878053,0.00390625,0.00390625,0.984375,0,0,0,1502,1496,1496,998,1938,1500,1500,1500,1150,1155,1150,1151,0,0,0,0
1457272162547,0.24390243902439027,1.707317073170732,0.24390243902439027,0.001953125,0.001953125,0.98828125,0,0,0,1503,1495,1496,999,1938,1500,1500,1500,1150,1156,1150,1150,0,0,0,0
1457272162598,1.2195121951219514,1.9512195121951221,0,0.001953125,0.00390625,0.98828125,0,0,0,1503,1495,1496,1000,1939,1500,1500,1500,1151,1155,1150,1150,0,0,0,0
1457272162647,0.9756097560975611,0.7317073170731708,0.24390243902439027,-0.00390625,0.001953125,0.984375,0,0,0,1503,1496,1497,1001,1938,1500,1500,1500,1151,1155,1150,1150,0,0,0,0
1457272162698,-0.7317073170731708,-0.24390243902439027,0,0.0078125,0.00390625,0.986328125,0,0,0,1503,1495,1498,1000,1939,1500,1500,1500,1150,1152,1150,1152,0,0,0,0
1457272162745,-2.9268292682926833,-1.2195121951219514,0.24390243902439027,-0.001953125,0.00390625,0.984375,0,0,0,1503,1495,1497,1000,1938,1500,1500,1500,1150,1154,1150,1152,0,0,0,0
1457272162797,-1.9512195121951221,-1.2195121951219514,0.24390243902439027,0.005859375,0.001953125,0.986328125,0,0,0,1503,1495,1496,1000,1938,1500,1500,1500,1150,1153,1150,1151,0,0,0,0
1457272162846,0.24390243902439027,0.7317073170731708,0.24390243902439027,-0.001953125,0.00390625,0.986328125,0,0,0,1502,1495,1497,1000,1938,1500,1500,1500,1150,1152,1150,1152,0,0,0,0
1457272162896,-1.707317073170732,-0.7317073170731708,0,0.00390625,0.00390625,0.986328125,0,0,0,1502,1495,1497,1000,1938,1500,1500,1500,1150,1154,1150,1152,0,0,0,0
1457272162945,-1.2195121951219514,-0.24390243902439027,0.48780487804878053,0.001953125,0.001953125,0.986328125,0,0,0,1502,1495,1497,1001,1938,1500,1500,1500,1150,1152,1150,1152,0,0,0,0
1457272162995,-0.7317073170731708,-0.7317073170731708,0.48780487804878053,0.001953125,0.001953125,0.986328125,0,0,0,1502,1495,1497,1000,1938,1500,1500,1500,1150,1154,1150,1152,0,0,0,0
1457272163045,1.4634146341463417,1.707317073170732,0.24390243902439027,0.001953125,0.00390625,0.986328125,0,0,0,1502,1495,1497,1000,1938,1500,1500,1500,1150,1154,1150,1150,0,0,0,0
1457272163097,1.9512195121951221,1.2195121951219514,0,0,0.001953125,0.986328125,0,0,0,1502,1496,1498,1000,1938,1500,1500,1500,1150,1156,1150,1150,0,0,0,0
1457272163145,1.2195121951219514,0.9756097560975611,0.24390243902439027,0.001953125,0.001953125,0.98828125,0,0,0,1502,1495,1496,1001,1939,1500,1500,1500,1150,1154,1150,1150,0,0,0,0
1457272163197,0.24390243902439027,0.24390243902439027,0,0,0.005859375,0.986328125,0,0,0,1503,1495,1496,1001,1938,1500,1500,1500,1150,1153,1150,1151,0,0,0,0
1457272163246,0,0,0.7317073170731708,0,0.00390625,0.984375,0,0,0,1503,1495,1497,1000,1938,1500,1500,1500,1150,1152,1150,1152,0,0,0,0
1457272163298,0.48780487804878053,0.7317073170731708,0.24390243902439027,0.001953125,0.00390625,0.986328125,0,0,0,1503,1495,1496,1001,1938,1500,1500,1500,1150,1153,1150,1153,0,0,0,0
1457272163347,0,0.24390243902439027,0.48780487804878053,0,0.00390625,0.986328125,0,0,0,1503,1495,1497,1000,1938,1500,1500,1500,1150,1152,1150,1152,0,0,0,0
1457272163398,0,0.48780487804878053,0.24390243902439027,0,0.001953125,0.98828125,0,0,0,1503,1495,1496,1001,1939,1500,1500,1500,1150,1152,1150,1152,0,0,0,0
1457272163446,0,0.24390243902439027,0.24390243902439027,0,0.00390625,0.986328125,0,0,0,1503,1495,1497,1000,1938,1500,1500,1500,1150,1152,1150,1152,0,0,0,0
1457272163497,0.48780487804878053,0.48780487804878053,0.24390243902439027,0,0.00390625,0.984375,0,0,0,1503,1495,1497,1000,1939,1500,1500,1500,1150,1153,1150,1151,0,0,0,0
1457272163547,0.48780487804878053,0.48780487804878053,0.24390243902439027,0,0.00390625,0.98828125,0,0,0,1502,1495,1497,1000,1938,1500,1500,1500,1150,1152,1150,1152,0,0,0,0
1457272163596,0.48780487804878053,0.48780487804878053,0.24390243902439027,0,0.001953125,0.986328125,0,0,0,1503,1495,1497,1001,1938,1500,1500,1500,1150,1154,1150,1152,0,0,0,0
1457272163645,0.7317073170731708,0,0.48780487804878053,0,0.00390625,0.986328125,0,0,0,1503,1495,1498,1000,1939,1500,1500,1500,1151,1155,1150,1150,0,0,0,0
1457272163695,-0.7317073170731708,0,0.24390243902439027,0,0.00390625,0.986328125,0,0,0,1503,1495,1498,1000,1938,1500,1500,1500,1150,1152,1150,1152,0,0,0,0
1457272163747,-1.4634146341463417,0,0,0,0.00390625,0.978515625,0,0,0,1503,1495,1496,1000,1938,1500,1500,1500,1150,1153,1150,1151,0,0,0,0
1457272163799,-0.9756097560975611,0.24390243902439027,0,0,0.00390625,0.986328125,0,0,0,1502,1495,1496,1000,1655,1500,1500,1500,1150,1153,1150,1153,0,0,0,0
1457272163849,-0.7317073170731708,-2.439024390243903,0.24390243902439027,0,0.00390625,0.998046875,0,0,0,1502,1495,1498,1000,1090,1500,1500,1500,1150,1150,1175,1151,0,0,0,0
1457272163899,-0.48780487804878053,0.24390243902439027,0.48780487804878053,0,0.00390625,0.986328125,0,0,0,1502,1495,1497,1000,1091,1500,1500,1500,1152,1150,1172,1150,0,0,0,0
1457272163949,0.48780487804878053,0.7317073170731708,0,0,0.005859375,0.984375,0,0,0,1502,1495,1496,1000,1090,1500,1500,1500,1150,1150,1171,1151,0,0,0,0
1457272163996,-1.2195121951219514,-0.24390243902439027,0,0.005859375,0.005859375,0.986328125,0,0,0,1503,1495,1497,1000,1090,1500,1500,1500,1150,1150,1170,1150,0,0,0,0
1457272164048,0.9756097560975611,0.7317073170731708,0.7317073170731708,-0.001953125,0.001953125,0.986328125,0,0,0,1503,1496,1496,1000,1090,1500,1500,1500,1150,1150,1174,1150,0,0,0,0
1457272164098,0.7317073170731708,1.2195121951219514,-0.7317073170731708,0.005859375,0.001953125,0.986328125,0,0,0,1503,1495,1497,1000,1091,1500,1500,1500,1150,1150,1172,1150,0,0,0,0
1457272164147,-1.2195121951219514,-0.24390243902439027,0.24390243902439027,-0.001953125,0.00390625,0.986328125,0,0,0,1503,1496,1496,1001,1090,1500,1500,1500,1150,1150,1171,1150,0,0,0,0
1457272164197,0,0.48780487804878053,-0.48780487804878053,0.001953125,0.00390625,0.98828125,0,0,0,1503,1496,1497,1001,1091,1500,1500,1500,1150,1150,1172,1150,0,0,0,0
1457272164246,-1.4634146341463417,0,-0.9756097560975611,0,0.00390625,0.984375,0,0,0,1501,1495,1497,1001,1091,1500,1500,1500,1150,1150,1168,1150,0,0,0,0
1457272164296,-0.9756097560975611,0.48780487804878053,-0.24390243902439027,0.001953125,0.00390625,0.986328125,0,0,0,1502,1495,1497,1000,1091,1500,1500,1500,1152,1150,1170,1150,0,0,0,0
1457272164345,1.2195121951219514,1.4634146341463417,0.48780487804878053,0,0.001953125,0.986328125,0,0,0,1501,1496,1496,1000,1091,1500,1500,1500,1152,1150,1168,1150,0,0,0,0
1457272164395,-3.9024390243902443,-2.439024390243903,0.48780487804878053,0.001953125,0.00390625,0.98828125,0,0,0,1502,1495,1497,1000,1090,1500,1500,1500,1150,1150,1172,1150,0,0,0,0
1457272164445,-0.48780487804878053,0.48780487804878053,0.48780487804878053,0,0.00390625,0.984375,0,0,0,1503,1495,1496,1000,1091,1500,1500,1500,1152,1150,1168,1150,0,0,0,0
1457272164495,1.9512195121951221,1.4634146341463417,0.24390243902439027,0,0.001953125,0.986328125,0,0,0,1502,1496,1497,1000,1090,1500,1500,1500,1150,1150,1168,1150,0,0,0,0
1457272164549,3.414634146341464,2.1951219512195124,-0.48780487804878053,0,0.00390625,0.986328125,0,0,0,1502,1495,1498,1000,1090,1500,1500,1500,1151,1150,1167,1150,0,0,0,0
1457272164600,2.682926829268293,2.439024390243903,0,0,0.00390625,0.984375,0,0,0,1501,1495,1496,1000,1090,1500,1500,1500,1152,1150,1166,1150,0,0,0,0
1457272164646,0.7317073170731708,0.9756097560975611,-0.24390243902439027,0,0.00390625,0.986328125,0,0,0,1503,1495,1497,1001,1091,1500,1500,1500,1152,1150,1164,1150,0,0,0,0
1457272164699,-0.7317073170731708,0,-0.7317073170731708,0,0.00390625,0.986328125,0,0,0,1503,1495,1496,1000,1091,1500,1500,1500,1153,1150,1167,1150,0,0,0,0
1457272164748,-2.1951219512195124,-0.48780487804878053,0.24390243902439027,0.001953125,0.00390625,0.984375,0,0,0,1502,1495,1497,1000,1091,1500,1500,1500,1152,1150,1164,1150,0,0,0,0
1457272164795,0,0.7317073170731708,0.48780487804878053,0,0.00390625,0.986328125,0,0,0,1502,1496,1496,1000,1091,1500,1500,1500,1153,1150,1167,1150,0,0,0,0
1457272164848,1.707317073170732,0.7317073170731708,0.7317073170731708,-0.00390625,0.005859375,0.986328125,0,0,0,1502,1495,1496,1000,1091,1500,1500,1500,1151,1150,1167,1150,0,0,0,0
1457272164898,-0.7317073170731708,0.24390243902439027,-0.9756097560975611,0.009765625,0.00390625,0.986328125,0,0,0,1503,1495,1497,1000,1091,1500,1500,1500,1154,1150,1164,1150,0,0,0,0
1457272164947,4.146341463414634,1.9512195121951221,0.24390243902439027,-0.01171875,0.001953125,0.984375,0,0,0,1503,1496,1497,1000,1091,1500,1500,1500,1150,1150,1167,1150,0,0,0,0
1457272164997,-0.48780487804878053,-0.24390243902439027,-0.7317073170731708,0.013671875,0.00390625,0.98828125,0,0,0,1503,1496,1497,1000,1091,1500,1500,1500,1152,1150,1164,1150,0,0,0,0
1457272165046,-2.439024390243903,-1.707317073170732,-0.24390243902439027,-0.0078125,0.00390625,0.984375,0,0,0,1502,1495,1497,1000,1090,1500,1500,1500,1153,1150,1165,1150,0,0,0,0
1457272165096,-3.1707317073170733,-2.1951219512195124,0.48780487804878053,0.009765625,0.00390625,0.986328125,0,0,0,1501,1495,1498,1000,1091,1500,1500,1500,1152,1150,1164,1150,0,0,0,0
1457272165145,-0.7317073170731708,-0.48780487804878053,-0.48780487804878053,0,0.001953125,0.984375,0,0,0,1503,1495,1498,1000,1091,1500,1500,1500,1154,1150,1166,1150,0,0,0,0
